date,daily_events
6/21/2020,6
6/22/2020,30
6/23/2020,15
6/24/2020,26
6/25/2020,12
6/27/2020,3
6/28/2020,10
6/29/2020,30
6/30/2020,8
7/1/2020,11
7/2/2020,35
7/3/2020,14
7/4/2020,11
7/5/2020,5
7/6/2020,22
7/7/2020,7
7/8/2020,3
7/9/2020,27
7/10/2020,18
7/11/2020,10
7/12/2020,19
7/13/2020,40
7/14/2020,14
7/15/2020,10
7/16/2020,5
7/17/2020,28
7/18/2020,10
7/19/2020,18
7/20/2020,40
7/21/2020,37
7/22/2020,25
7/23/2020,17
7/25/2020,29
7/26/2020,11
7/27/2020,1
7/28/2020,5
7/29/2020,2
8/1/2020,13
8/4/2020,3
8/5/2020,4
8/6/2020,18
8/7/2020,8
8/8/2020,1
8/9/2020,11
8/10/2020,6
8/11/2020,1
8/13/2020,1
8/14/2020,4
8/15/2020,1
8/18/2020,10
8/19/2020,10
8/20/2020,36
8/22/2020,4
8/23/2020,2
8/24/2020,30
8/25/2020,25
8/26/2020,34
8/27/2020,28
8/28/2020,3
8/29/2020,1
9/3/2020,2
9/4/2020,8
9/5/2020,21
9/6/2020,2
9/7/2020,2
9/8/2020,7
9/10/2020,6
9/12/2020,20
9/13/2020,48
9/14/2020,5
9/15/2020,6
9/16/2020,37
9/17/2020,11
9/18/2020,37
9/19/2020,2
9/20/2020,3
9/21/2020,7
9/22/2020,62
9/23/2020,2
9/24/2020,7
9/25/2020,4
9/26/2020,25
9/27/2020,32
9/29/2020,4
9/30/2020,8
10/1/2020,14
10/2/2020,4
10/4/2020,3
10/6/2020,25
10/7/2020,27
10/8/2020,11
10/9/2020,5
10/11/2020,35
10/12/2020,19
10/13/2020,9
10/14/2020,24
10/15/2020,50
10/16/2020,45
10/17/2020,32
10/18/2020,15
10/19/2020,30
10/20/2020,1
10/21/2020,4
10/22/2020,19
10/23/2020,23
10/24/2020,76
10/25/2020,11
10/26/2020,28
10/27/2020,1
10/28/2020,4
10/29/2020,4
11/1/2020,10
11/2/2020,6
11/3/2020,36
11/4/2020,4
11/5/2020,5
11/6/2020,45
11/7/2020,29
11/8/2020,3
11/9/2020,1
11/10/2020,7
11/11/2020,3
11/12/2020,5
11/13/2020,2
11/14/2020,26
11/15/2020,34
11/16/2020,58
11/17/2020,71
11/18/2020,23
11/19/2020,76
11/20/2020,5
11/21/2020,5
11/22/2020,16
11/23/2020,23
11/24/2020,28
11/25/2020,4
11/26/2020,20
11/27/2020,33
11/28/2020,30
11/30/2020,6
12/1/2020,11
12/2/2020,20
12/3/2020,25
12/4/2020,28
12/5/2020,27
12/6/2020,9
12/7/2020,51
12/8/2020,74
12/9/2020,62
12/10/2020,16
12/11/2020,69
12/12/2020,20
12/13/2020,31
12/14/2020,78
12/15/2020,47
12/16/2020,50
12/17/2020,54
12/18/2020,50
12/19/2020,12
12/20/2020,8
12/21/2020,14
12/22/2020,89
12/23/2020,81
12/24/2020,24
12/25/2020,11
12/26/2020,29
12/27/2020,20
12/28/2020,26
12/29/2020,28
12/30/2020,17
12/31/2020,8
1/1/2021,38
1/2/2021,7
1/3/2021,37
1/4/2021,20
1/5/2021,24
1/6/2021,16
1/7/2021,73
1/8/2021,53
1/9/2021,41
1/10/2021,48
1/11/2021,11
1/12/2021,10
1/13/2021,3
1/14/2021,23
1/15/2021,3
1/16/2021,25
1/17/2021,5
1/18/2021,35
1/20/2021,9
1/21/2021,25
1/22/2021,12
1/23/2021,21
1/25/2021,5
1/26/2021,20
1/27/2021,25
1/28/2021,9
1/29/2021,24
1/30/2021,25
1/31/2021,27
2/1/2021,10
2/2/2021,21
2/3/2021,7
2/4/2021,7
2/5/2021,11
2/6/2021,14
2/7/2021,4
2/10/2021,1
2/11/2021,25
2/12/2021,2
2/15/2021,13
2/17/2021,17
2/18/2021,15
2/19/2021,4
2/20/2021,6
2/21/2021,2
2/22/2021,15
2/23/2021,19
2/25/2021,31
2/26/2021,7
2/27/2021,8
2/28/2021,13
3/1/2021,18
3/2/2021,11
3/3/2021,5
3/5/2021,12
3/6/2021,3
3/7/2021,42
3/8/2021,12
3/9/2021,12
3/10/2021,33
3/11/2021,27
3/12/2021,11
3/13/2021,4
3/14/2021,9
3/15/2021,11
3/16/2021,19
3/17/2021,26
3/18/2021,10
3/19/2021,25
3/20/2021,43
3/21/2021,2
3/22/2021,30
3/23/2021,8
3/24/2021,31
3/25/2021,5
3/26/2021,4
3/27/2021,15
3/28/2021,1
3/29/2021,17
3/31/2021,12
4/1/2021,2
4/3/2021,24
4/4/2021,41
4/5/2021,21
4/6/2021,8
4/7/2021,60
4/8/2021,5
4/9/2021,13
4/10/2021,10
4/11/2021,7
4/12/2021,5
4/13/2021,7
4/14/2021,14
4/15/2021,5
4/16/2021,10
4/17/2021,28
4/18/2021,3
4/19/2021,13
4/20/2021,4
4/21/2021,18
4/22/2021,30
4/23/2021,40
4/24/2021,14
4/25/2021,5
4/26/2021,23
4/27/2021,38
4/28/2021,25
4/29/2021,10
4/30/2021,8
5/1/2021,30
5/2/2021,63
5/3/2021,32
5/4/2021,47
5/5/2021,10
5/6/2021,33
5/7/2021,41
5/8/2021,14
5/9/2021,16
5/10/2021,7
5/11/2021,26
5/12/2021,8
5/13/2021,8
5/15/2021,28
5/16/2021,14
5/17/2021,3
5/18/2021,58
5/19/2021,20
5/20/2021,16
5/21/2021,6
5/22/2021,6
5/24/2021,6
5/25/2021,10
5/26/2021,44
5/27/2021,45
5/28/2021,6
5/29/2021,15
5/30/2021,20
5/31/2021,8
6/1/2021,8
6/2/2021,32
6/3/2021,26
6/4/2021,8
6/5/2021,74
6/6/2021,44
6/7/2021,5
6/8/2021,28
6/9/2021,38
6/10/2021,11
6/11/2021,2
6/12/2021,2
6/13/2021,5
6/14/2021,10
6/15/2021,39
6/16/2021,4
6/17/2021,7
6/18/2021,6
6/19/2021,19
6/20/2021,2
6/21/2021,12
6/22/2021,16
6/23/2021,9
6/24/2021,23
6/25/2021,5
6/26/2021,49
6/27/2021,5
6/30/2021,9
7/1/2021,25
7/2/2021,3
7/3/2021,5
7/5/2021,18
7/6/2021,19
7/7/2021,2
7/8/2021,4
7/10/2021,12
7/11/2021,4
7/12/2021,28
7/13/2021,16
7/14/2021,6
7/15/2021,3
7/16/2021,33
7/17/2021,11
7/18/2021,19
7/19/2021,10
7/20/2021,34
7/21/2021,28
7/22/2021,17
7/23/2021,12
7/24/2021,18
7/26/2021,11
7/27/2021,12
7/28/2021,50
7/29/2021,31
7/30/2021,14
7/31/2021,39
8/1/2021,8
8/2/2021,32
8/3/2021,12
8/4/2021,22
8/5/2021,39
8/6/2021,6
8/7/2021,2
8/8/2021,16
8/9/2021,11
8/10/2021,16
8/11/2021,22
8/12/2021,35
8/13/2021,29
8/14/2021,9
8/15/2021,26
8/16/2021,22
8/17/2021,13
8/18/2021,43
8/19/2021,28
8/20/2021,28
8/21/2021,40
8/22/2021,14
8/23/2021,10
8/24/2021,70
8/25/2021,43
8/26/2021,17
8/27/2021,38
8/28/2021,40
8/29/2021,55
8/30/2021,33
8/31/2021,21
9/1/2021,25
9/2/2021,10
9/3/2021,15
9/4/2021,14
9/5/2021,10
9/6/2021,12
9/7/2021,1
9/8/2021,19
9/9/2021,8
9/10/2021,13
9/11/2021,19
9/12/2021,16
9/13/2021,3
9/14/2021,34
9/15/2021,18
9/16/2021,20
9/17/2021,20
9/18/2021,4
9/19/2021,42
9/20/2021,14
9/21/2021,39
9/22/2021,11
9/23/2021,2
9/24/2021,1
9/25/2021,3
9/26/2021,24
9/27/2021,5
9/29/2021,4
9/30/2021,6
10/1/2021,7
10/3/2021,31
10/4/2021,5
10/5/2021,17
10/6/2021,17
10/8/2021,9
10/9/2021,12
10/10/2021,68
10/11/2021,44
10/12/2021,46
10/13/2021,68
10/14/2021,42
10/15/2021,68
10/16/2021,36
10/17/2021,55
10/18/2021,40
10/19/2021,26
10/20/2021,16
10/21/2021,4
10/22/2021,29
10/23/2021,47
10/24/2021,29
10/25/2021,32
10/26/2021,27
10/27/2021,32
10/28/2021,40
10/29/2021,57
10/30/2021,24
10/31/2021,34
11/1/2021,51
11/2/2021,71
11/3/2021,53
11/4/2021,17
11/5/2021,22
11/6/2021,17
11/7/2021,18
11/8/2021,24
11/9/2021,13
11/10/2021,17
11/11/2021,38
11/12/2021,108
11/13/2021,55
11/14/2021,48
11/15/2021,36
11/16/2021,70
11/17/2021,3
11/18/2021,34
11/19/2021,68
11/20/2021,46
11/21/2021,79
11/22/2021,60
11/23/2021,72
11/24/2021,22
11/25/2021,12
11/26/2021,47
11/27/2021,63
11/28/2021,50
11/29/2021,18
11/30/2021,26
12/1/2021,41
12/2/2021,83
12/3/2021,89
12/4/2021,24
12/5/2021,48
12/6/2021,15
12/7/2021,26
12/9/2021,22
12/10/2021,22
12/11/2021,76
12/12/2021,54
12/13/2021,41
12/14/2021,48
12/15/2021,60
12/16/2021,21
12/17/2021,23
12/18/2021,33
12/19/2021,76
12/20/2021,57
12/21/2021,41
12/22/2021,68
12/23/2021,12
12/24/2021,34
12/25/2021,44
12/26/2021,18
12/27/2021,37
12/28/2021,32
12/29/2021,34
12/30/2021,12
12/31/2021,35
1/1/2022,5
1/2/2022,36
1/3/2022,25
1/4/2022,32
1/5/2022,14
1/6/2022,11
1/7/2022,14
1/8/2022,11
1/9/2022,74
1/10/2022,31
1/11/2022,30
1/12/2022,9
1/13/2022,27
1/14/2022,41
1/15/2022,21
1/16/2022,13
1/17/2022,21
1/18/2022,25
1/19/2022,15
1/20/2022,44
1/21/2022,58
1/22/2022,44
1/23/2022,25
1/24/2022,32
1/25/2022,57
1/26/2022,34
1/27/2022,13
1/28/2022,31
1/29/2022,14
1/30/2022,34
1/31/2022,83
2/1/2022,25
2/2/2022,5
2/3/2022,32
2/4/2022,41
2/5/2022,51
2/6/2022,50
2/7/2022,20
2/8/2022,10
2/9/2022,14
2/10/2022,22
2/11/2022,22
2/12/2022,15
2/13/2022,11
2/14/2022,13
2/15/2022,27
2/16/2022,34
2/17/2022,20
2/18/2022,47
2/19/2022,34
2/20/2022,38
2/21/2022,51
2/22/2022,43
2/23/2022,38
2/24/2022,11
2/25/2022,25
2/26/2022,3
2/27/2022,4
2/28/2022,18
3/1/2022,8
3/2/2022,23
3/3/2022,3
3/4/2022,20
3/5/2022,17
3/6/2022,8
3/7/2022,13
3/8/2022,10
3/9/2022,8
3/10/2022,33
3/11/2022,6
3/12/2022,36
3/13/2022,54
3/14/2022,31
3/15/2022,20
3/16/2022,39
3/17/2022,10
3/18/2022,9
3/19/2022,4
3/20/2022,3
3/21/2022,7
3/22/2022,3
3/23/2022,3
3/25/2022,11
3/26/2022,3
3/27/2022,15
3/28/2022,16
3/29/2022,40
3/30/2022,13
3/31/2022,20
4/1/2022,4
4/2/2022,12
4/3/2022,98
4/4/2022,50
4/5/2022,45
4/6/2022,92
4/7/2022,43
4/8/2022,49
4/9/2022,46
4/10/2022,64
4/11/2022,53
4/12/2022,42
4/13/2022,96
4/14/2022,95
4/15/2022,25
4/16/2022,44
4/17/2022,48
4/18/2022,22
4/19/2022,49
4/20/2022,63
4/21/2022,72
4/22/2022,10
4/23/2022,28
4/24/2022,20
4/25/2022,46
4/26/2022,23
4/27/2022,39
4/28/2022,26
4/29/2022,30
4/30/2022,43
5/1/2022,15
5/2/2022,24
5/3/2022,5
5/4/2022,25
5/5/2022,40
5/6/2022,153
5/7/2022,50
5/8/2022,30
5/9/2022,29
5/10/2022,30
5/11/2022,39
5/12/2022,29
5/13/2022,7
5/14/2022,8
5/15/2022,13
5/16/2022,21
5/17/2022,29
5/18/2022,11
5/19/2022,8
5/20/2022,17
5/21/2022,25
5/22/2022,48
5/23/2022,8
5/24/2022,20
5/25/2022,36
5/26/2022,49
5/27/2022,45
5/28/2022,46
5/29/2022,49
5/30/2022,19
5/31/2022,27
6/1/2022,40
6/2/2022,23
6/3/2022,69
6/4/2022,99
6/5/2022,86
6/6/2022,93
6/7/2022,96
6/8/2022,31
6/9/2022,40
6/10/2022,71
6/11/2022,33
6/12/2022,13
6/13/2022,90
6/14/2022,63
6/15/2022,53
6/16/2022,60
6/17/2022,70
6/18/2022,36
6/19/2022,35
6/21/2022,14
6/22/2022,81
6/23/2022,53
6/24/2022,46
6/25/2022,63
6/26/2022,41
6/27/2022,40
6/28/2022,27
6/29/2022,51
6/30/2022,21
7/1/2022,81
7/2/2022,74
7/3/2022,58
7/4/2022,67
7/5/2022,8
7/6/2022,26
7/7/2022,52
7/8/2022,96
7/9/2022,69
7/10/2022,27
7/11/2022,11
7/12/2022,35
7/13/2022,64
7/14/2022,55
7/15/2022,57
7/16/2022,11
7/17/2022,96
7/18/2022,72
7/19/2022,11
7/20/2022,16
7/21/2022,105
7/22/2022,18
7/23/2022,24
7/24/2022,66
7/25/2022,32
7/26/2022,20
7/27/2022,55
7/28/2022,60
7/29/2022,110
7/30/2022,60
7/31/2022,64
8/1/2022,29
8/2/2022,94
8/3/2022,48
8/4/2022,48
8/5/2022,58
8/6/2022,38
8/7/2022,70
8/8/2022,66
8/9/2022,95
8/10/2022,55
8/11/2022,36
8/12/2022,22
8/13/2022,14
8/14/2022,34
8/15/2022,54
8/16/2022,29
8/17/2022,53
8/18/2022,29
8/19/2022,50
8/20/2022,35
8/21/2022,16
8/22/2022,33
8/23/2022,52
8/24/2022,27
8/25/2022,44
8/26/2022,79
8/27/2022,43
8/28/2022,69
8/29/2022,27
8/30/2022,44
8/31/2022,46
9/1/2022,70
9/2/2022,44
9/3/2022,87
9/4/2022,37
9/5/2022,65
9/6/2022,25
9/7/2022,50
9/8/2022,63
9/9/2022,73
9/10/2022,57
9/11/2022,60
9/12/2022,7
9/13/2022,36
9/14/2022,72
9/15/2022,46
9/16/2022,33
9/17/2022,27
9/18/2022,1
9/19/2022,24
9/20/2022,31
9/21/2022,52
9/22/2022,31
9/23/2022,12
9/24/2022,69
9/25/2022,27
9/26/2022,28
9/27/2022,23
9/28/2022,39
9/29/2022,28
9/30/2022,22
10/1/2022,38
10/2/2022,26
10/6/2022,36
10/7/2022,41
10/8/2022,34
10/9/2022,20
10/10/2022,31
10/11/2022,28
10/12/2022,56
10/13/2022,38
10/14/2022,57
10/15/2022,39
10/16/2022,18
10/17/2022,43
10/18/2022,53
10/19/2022,56
10/20/2022,34
10/21/2022,14
10/22/2022,21
10/23/2022,23
10/24/2022,7
10/25/2022,26
10/26/2022,33
10/28/2022,22
10/29/2022,2
10/30/2022,17
10/31/2022,6
11/1/2022,26
11/2/2022,50
11/3/2022,28
11/4/2022,18
11/5/2022,34
11/6/2022,31
11/7/2022,7
11/8/2022,11
11/9/2022,29
11/10/2022,50
11/11/2022,58
11/12/2022,77
11/13/2022,51
11/14/2022,56
11/15/2022,30
11/16/2022,21
11/17/2022,36
11/18/2022,26
11/19/2022,39
11/20/2022,56
11/21/2022,15
11/22/2022,32
11/23/2022,102
11/24/2022,23
11/25/2022,39
11/26/2022,38
11/27/2022,38
11/28/2022,28
11/29/2022,36
11/30/2022,30
12/1/2022,18
12/2/2022,19
12/3/2022,15
12/4/2022,60
12/5/2022,41
12/6/2022,21
12/7/2022,27
12/8/2022,15
12/9/2022,1
12/10/2022,6
12/11/2022,21
12/12/2022,20
12/13/2022,13
12/14/2022,38
12/15/2022,22
12/16/2022,12
12/17/2022,60
12/18/2022,38
12/19/2022,54
12/20/2022,48
12/21/2022,38
12/22/2022,33
12/23/2022,19
12/24/2022,34
12/25/2022,30
12/26/2022,62
12/27/2022,42
12/28/2022,64
12/29/2022,56
12/30/2022,31
12/31/2022,99
1/1/2023,58
1/2/2023,48
1/3/2023,141
1/4/2023,68
1/5/2023,66
1/6/2023,99
1/7/2023,34
1/8/2023,69
1/9/2023,42
1/10/2023,40
1/11/2023,116
1/12/2023,75
1/13/2023,41
1/14/2023,60
1/15/2023,49
1/16/2023,32
1/17/2023,38
1/18/2023,53
1/19/2023,23
1/20/2023,38
1/21/2023,35
1/22/2023,44
1/23/2023,51
1/24/2023,67
1/25/2023,24
1/26/2023,102
1/27/2023,33
1/28/2023,72
1/29/2023,72
1/30/2023,56
1/31/2023,31
2/1/2023,26
2/2/2023,64
2/3/2023,52
2/4/2023,34
2/5/2023,39
2/6/2023,67
2/7/2023,42
2/8/2023,96
2/9/2023,33
2/10/2023,19
2/11/2023,62
2/12/2023,6
2/13/2023,31
2/14/2023,57
2/15/2023,66
2/16/2023,47
2/17/2023,28
2/18/2023,31
2/19/2023,58
2/20/2023,55
2/21/2023,46
2/22/2023,24
2/23/2023,22
2/24/2023,20
2/25/2023,28
2/26/2023,31
2/27/2023,48
2/28/2023,54
3/1/2023,36
3/2/2023,116
3/3/2023,61
3/4/2023,12
3/5/2023,35
3/6/2023,24
3/7/2023,44
3/8/2023,68
3/9/2023,47
3/10/2023,62
3/11/2023,42
3/12/2023,46
3/13/2023,69
3/14/2023,50
3/15/2023,32
3/16/2023,35
3/17/2023,35
3/18/2023,62
3/19/2023,79
3/20/2023,61
3/21/2023,75
3/22/2023,23
3/23/2023,73
3/24/2023,31
3/25/2023,76
3/26/2023,46
3/27/2023,87
3/28/2023,34
3/29/2023,64
3/30/2023,85
3/31/2023,62
4/1/2023,67
4/2/2023,74
4/3/2023,30
4/4/2023,31
4/5/2023,37
4/6/2023,74
4/7/2023,44
4/8/2023,38
4/9/2023,34
4/10/2023,19
4/11/2023,17
4/12/2023,55
4/13/2023,17
4/14/2023,18
4/15/2023,45
4/16/2023,26
4/17/2023,36
4/18/2023,8
4/19/2023,38
4/20/2023,28
4/21/2023,33
4/22/2023,33
4/23/2023,7
4/24/2023,48
4/25/2023,58
4/26/2023,58
4/27/2023,40
4/28/2023,31
4/29/2023,46
4/30/2023,99
5/1/2023,24
5/2/2023,55
5/3/2023,67
5/4/2023,22
5/5/2023,48
5/6/2023,53
5/7/2023,69
5/8/2023,26
5/9/2023,40
5/10/2023,29
5/11/2023,34
5/12/2023,47
5/13/2023,55
5/14/2023,32
5/15/2023,34
5/16/2023,27
5/17/2023,66
5/18/2023,65
5/19/2023,60
5/20/2023,37
5/21/2023,5
5/22/2023,44
5/23/2023,10
5/24/2023,19
5/25/2023,13
5/26/2023,21
5/27/2023,30
5/28/2023,47
5/29/2023,12
5/30/2023,1
5/31/2023,64
6/1/2023,39
6/2/2023,31
6/3/2023,11
6/4/2023,5
6/5/2023,27
6/6/2023,30
6/7/2023,13
6/8/2023,30
6/9/2023,17
6/11/2023,12
6/12/2023,9
6/13/2023,1
6/14/2023,35
6/15/2023,22
6/16/2023,26
6/17/2023,37
6/18/2023,30
6/19/2023,47
6/20/2023,51
6/21/2023,33
6/22/2023,35
6/23/2023,51
6/24/2023,52
6/25/2023,60
6/26/2023,38
6/27/2023,52
6/28/2023,45
6/29/2023,50
6/30/2023,68
7/1/2023,59
7/2/2023,50
7/3/2023,44
7/4/2023,55
7/5/2023,65
7/6/2023,66
7/7/2023,62
7/8/2023,68
7/9/2023,27
7/10/2023,80
7/11/2023,41
7/12/2023,39
7/13/2023,85
7/14/2023,45
7/15/2023,28
7/16/2023,73
7/17/2023,45
7/18/2023,26
7/19/2023,32
7/20/2023,19
7/21/2023,42
7/22/2023,49
7/23/2023,37
7/24/2023,33
7/25/2023,74
7/26/2023,82
7/27/2023,50
7/28/2023,74
7/29/2023,40
7/30/2023,77
7/31/2023,25
8/1/2023,49
8/2/2023,54
8/3/2023,65
8/4/2023,23
8/5/2023,88
8/6/2023,44
8/7/2023,41
8/8/2023,55
8/9/2023,46
8/10/2023,50
8/11/2023,56
8/12/2023,49
8/13/2023,16
8/14/2023,40
8/15/2023,53
8/16/2023,49
8/17/2023,42
8/18/2023,52
8/19/2023,59
8/20/2023,40
8/21/2023,75
8/22/2023,49
8/23/2023,81
8/24/2023,86
8/25/2023,68
8/26/2023,55
8/27/2023,65
8/28/2023,89
8/29/2023,82
8/30/2023,86
8/31/2023,72
9/1/2023,98
9/2/2023,50
9/3/2023,43
9/4/2023,64
9/5/2023,32
9/6/2023,57
9/7/2023,68
9/8/2023,35
9/9/2023,114
9/10/2023,41
9/11/2023,53
9/12/2023,61
9/13/2023,59
9/14/2023,91
9/15/2023,90
9/16/2023,59
9/17/2023,60
9/18/2023,89
9/19/2023,116
9/20/2023,85
9/21/2023,74
9/22/2023,71
9/23/2023,87
9/24/2023,75
9/25/2023,78
9/26/2023,44
9/27/2023,72
9/28/2023,36
9/29/2023,51
9/30/2023,54
10/1/2023,65
10/2/2023,51
10/3/2023,52
10/4/2023,42
10/5/2023,52
10/6/2023,53
10/7/2023,57
10/8/2023,64
10/9/2023,72
10/10/2023,55
10/11/2023,69
10/12/2023,58
10/13/2023,48
10/14/2023,43
10/15/2023,60
10/16/2023,69
10/17/2023,59
10/18/2023,64
10/19/2023,51
10/20/2023,48
10/21/2023,80
10/22/2023,31
10/23/2023,39
10/24/2023,70
10/25/2023,47
10/26/2023,55
10/27/2023,80
10/28/2023,53
10/29/2023,23
10/30/2023,53
10/31/2023,65
11/1/2023,44
11/2/2023,66
11/3/2023,50
11/4/2023,49
11/5/2023,40
11/6/2023,52
11/7/2023,42
11/8/2023,37
11/9/2023,70
11/10/2023,31
11/11/2023,48
11/12/2023,31
11/13/2023,35
11/14/2023,86
11/15/2023,11
11/16/2023,22
11/17/2023,58
11/18/2023,36
11/19/2023,19
11/20/2023,40
11/21/2023,36
11/22/2023,16
11/23/2023,5
11/24/2023,5
11/25/2023,2
11/26/2023,16
11/27/2023,23
11/28/2023,22
11/29/2023,14
11/30/2023,40
12/1/2023,49
12/2/2023,48
12/3/2023,40
12/4/2023,44
12/5/2023,28
12/6/2023,59
12/7/2023,55
12/8/2023,42
12/9/2023,34
12/10/2023,40
12/11/2023,33
12/12/2023,75
12/13/2023,57
12/14/2023,41
12/15/2023,47
12/16/2023,40
12/17/2023,24
12/18/2023,55
12/19/2023,48
12/20/2023,37
12/21/2023,29
12/22/2023,44
12/23/2023,55
12/24/2023,34
12/25/2023,37
12/26/2023,56
12/27/2023,64
12/28/2023,64
12/29/2023,65
12/30/2023,33
12/31/2023,53
1/1/2024,35
1/2/2024,15
1/3/2024,17
1/4/2024,41
1/5/2024,71
1/6/2024,44
1/7/2024,68
1/8/2024,46
1/9/2024,77
1/10/2024,58
1/11/2024,62
1/12/2024,38
1/13/2024,45
1/14/2024,68
1/15/2024,53
1/16/2024,31
1/17/2024,82
1/18/2024,101
1/19/2024,48
1/20/2024,56
1/21/2024,51
1/22/2024,47
1/23/2024,26
1/24/2024,18
1/25/2024,29
1/26/2024,45
1/27/2024,54
1/28/2024,32
1/29/2024,33
1/30/2024,27
1/31/2024,35
2/1/2024,50
2/2/2024,45
2/3/2024,60
2/4/2024,29
2/5/2024,35
2/6/2024,26
2/7/2024,52
2/8/2024,9
2/9/2024,42
2/10/2024,35
2/11/2024,18
2/12/2024,21
2/13/2024,10
2/14/2024,18
2/15/2024,25
2/16/2024,37
2/17/2024,57
2/18/2024,35
2/19/2024,72
2/20/2024,53
2/21/2024,13
2/22/2024,31
2/23/2024,66
2/24/2024,48
3/7/2024,13
3/8/2024,22
3/9/2024,19
3/10/2024,42
3/11/2024,11
3/12/2024,36
3/13/2024,15
3/14/2024,42
3/15/2024,51
3/16/2024,51
3/17/2024,28
3/18/2024,36
3/19/2024,44
3/20/2024,4
3/21/2024,26
3/22/2024,36
3/23/2024,37
3/24/2024,31
3/25/2024,18
3/26/2024,31
3/27/2024,1
3/28/2024,50
3/29/2024,41
3/30/2024,35
3/31/2024,36
4/1/2024,11
4/2/2024,74
4/3/2024,45
4/4/2024,20
4/5/2024,44
4/6/2024,22
4/7/2024,17
4/8/2024,38
4/9/2024,7
4/10/2024,15
4/11/2024,6
4/12/2024,6
4/13/2024,11
4/14/2024,13
4/15/2024,4
4/16/2024,32
4/17/2024,7
4/18/2024,8
4/19/2024,21
4/20/2024,15
4/21/2024,6
4/22/2024,9
4/23/2024,22
4/24/2024,10
4/25/2024,19
4/26/2024,23
4/27/2024,7
4/28/2024,20
4/29/2024,9
4/30/2024,59
5/1/2024,81
5/2/2024,33
5/3/2024,50
5/4/2024,31
5/5/2024,31
5/6/2024,22
5/7/2024,35
5/8/2024,35
5/9/2024,29
5/10/2024,26
5/11/2024,58
5/12/2024,20
5/13/2024,50
5/14/2024,57
5/15/2024,44
5/16/2024,32
5/17/2024,77
5/18/2024,42
5/19/2024,56
5/20/2024,34
5/21/2024,37
5/22/2024,32
5/23/2024,30
5/24/2024,25
5/25/2024,55
5/26/2024,18
5/27/2024,41
5/28/2024,41
5/29/2024,37
5/30/2024,32
5/31/2024,30
6/1/2024,21
6/2/2024,8
6/3/2024,65
6/4/2024,39
6/5/2024,33
6/6/2024,33
6/7/2024,41
6/8/2024,18
6/9/2024,5
6/10/2024,23
6/11/2024,21
6/12/2024,32
6/13/2024,27
6/14/2024,27
6/15/2024,19
6/16/2024,14
6/17/2024,14
6/18/2024,20
6/19/2024,18
6/20/2024,52
6/21/2024,31
6/22/2024,28
6/23/2024,15
6/24/2024,16
6/25/2024,38
6/26/2024,49
6/27/2024,23
6/28/2024,76
6/29/2024,28
6/30/2024,18
7/1/2024,31
7/2/2024,34
7/3/2024,43
7/4/2024,42
7/5/2024,28
7/6/2024,15
7/7/2024,19
7/8/2024,23
7/9/2024,6
7/10/2024,32
7/11/2024,48
7/12/2024,30
7/13/2024,41
7/14/2024,40
7/15/2024,47
7/16/2024,38
7/17/2024,50
7/18/2024,27
7/19/2024,47
7/20/2024,62
7/21/2024,13
7/22/2024,34
7/23/2024,34
7/24/2024,34
7/25/2024,24
7/26/2024,5
7/27/2024,31
7/28/2024,16
7/29/2024,18
7/30/2024,12
7/31/2024,13
8/1/2024,6
8/2/2024,1
8/3/2024,8
8/4/2024,8
8/5/2024,40
8/6/2024,24
8/7/2024,27
8/8/2024,17
8/9/2024,8
8/10/2024,7
8/11/2024,7
8/12/2024,12
8/13/2024,37
8/14/2024,35
8/15/2024,15
8/16/2024,28
8/17/2024,50
8/18/2024,13
8/19/2024,9
8/20/2024,20
8/21/2024,28
8/22/2024,6
8/23/2024,42
8/24/2024,51
8/25/2024,20
8/26/2024,2
8/27/2024,33
8/28/2024,20
8/29/2024,11
8/30/2024,38
8/31/2024,14
9/1/2024,26
9/2/2024,18
9/3/2024,38
9/4/2024,59
9/5/2024,25
9/6/2024,30
9/7/2024,41
9/8/2024,30
9/9/2024,25
9/10/2024,23
9/11/2024,34
9/12/2024,28
9/13/2024,13
9/14/2024,15
9/15/2024,38
9/16/2024,43
9/17/2024,36
9/18/2024,38
9/19/2024,27
9/20/2024,16
9/21/2024,50
9/22/2024,33
9/23/2024,43
9/24/2024,25
9/25/2024,19
9/26/2024,38
9/27/2024,62
9/28/2024,57
9/29/2024,51
9/30/2024,90
10/1/2024,18
10/2/2024,56
10/3/2024,27
10/4/2024,42
10/5/2024,42
10/6/2024,8
10/7/2024,54
10/8/2024,13
10/9/2024,18
10/10/2024,15
10/11/2024,2
10/12/2024,37
10/13/2024,15
10/14/2024,60
10/15/2024,29
10/16/2024,24
10/17/2024,35
10/18/2024,15
10/19/2024,2
10/22/2024,1
10/24/2024,13
10/25/2024,2
10/26/2024,23
10/27/2024,4
10/30/2024,28
10/31/2024,18
11/1/2024,9
11/2/2024,3
11/3/2024,2
11/4/2024,8
11/5/2024,15
11/6/2024,1
11/7/2024,14
11/8/2024,2
11/9/2024,16
11/10/2024,4
11/11/2024,21
11/12/2024,18
11/13/2024,17
11/14/2024,44
11/15/2024,31
11/16/2024,54
11/17/2024,6
11/18/2024,42
11/19/2024,10
11/20/2024,64
11/21/2024,60
11/22/2024,5
11/23/2024,32
11/24/2024,7
11/25/2024,35
11/26/2024,81
11/27/2024,29
11/28/2024,20
11/29/2024,25
11/30/2024,31
12/2/2024,31
12/3/2024,13
12/4/2024,10
12/5/2024,6
12/6/2024,39
12/7/2024,11
12/8/2024,31
12/9/2024,7
12/10/2024,39
12/11/2024,76
12/12/2024,30
12/13/2024,150
12/14/2024,15
12/16/2024,20
12/17/2024,30
12/19/2024,15
12/20/2024,26
12/21/2024,11
12/22/2024,2
12/23/2024,41
12/24/2024,50
12/26/2024,43
12/27/2024,24
12/28/2024,18
12/31/2024,21
1/1/2025,13
1/2/2025,22
1/3/2025,11
1/4/2025,11
1/5/2025,12
1/6/2025,23
1/7/2025,84
1/8/2025,36
1/9/2025,67
1/11/2025,64
1/14/2025,9
1/15/2025,18
1/16/2025,25
1/17/2025,48
1/18/2025,24
1/20/2025,29
1/21/2025,75
1/22/2025,92
1/23/2025,14
1/24/2025,10
1/25/2025,48
1/26/2025,41
1/27/2025,37
1/29/2025,50
1/30/2025,55
1/31/2025,16
2/1/2025,14
2/2/2025,3
2/3/2025,101
2/4/2025,28
2/6/2025,6
2/7/2025,14
2/8/2025,24
2/10/2025,20
2/11/2025,40
2/13/2025,29
2/14/2025,28
2/15/2025,2
2/18/2025,21
2/19/2025,17
2/20/2025,7
